long,lat,group,order,region,subregion,lat_trunc,long_trunc
-73.928741455078125,40.806053161621094,1,1,new york,manhattan,40.8,-73.9
-73.934478759765625,40.78886413574219,1,2,new york,manhattan,40.8,-73.9
-73.95166015625,40.777408599853516,1,3,new york,manhattan,40.8,-74
-73.96311950683594,40.75448989868164,1,4,new york,manhattan,40.8,-74
-73.9688491821289,40.737300872802734,1,5,new york,manhattan,40.7,-74
-73.974578857421875,40.7258415222168,1,6,new york,manhattan,40.7,-74
-74.00322723388672,40.71438217163086,1,7,new york,manhattan,40.7,-74
-74.020416259765625,40.70865249633789,1,8,new york,manhattan,40.7,-74
-74.026153564453125,40.72010803222656,1,9,new york,manhattan,40.7,-74
-74.00322723388672,40.76594543457031,1,10,new york,manhattan,40.8,-74
-73.974578857421875,40.79459762573242,1,11,new york,manhattan,40.8,-74
-73.95166015625,40.83470153808594,1,12,new york,manhattan,40.8,-74
-73.934478759765625,40.84043502807617,1,13,new york,manhattan,40.8,-73.9
-73.928741455078125,40.83470153808594,1,14,new york,manhattan,40.8,-73.9
-73.934478759765625,40.8232421875,1,15,new york,manhattan,40.8,-73.9
-73.928741455078125,40.806053161621094,1,16,new york,manhattan,40.8,-73.9
-79.767181396484375,42.26136779785156,2,18,new york,main,42.3,-79.8
-79.69843292236328,42.295745849609375,2,19,new york,main,42.3,-79.7
-79.5494613647461,42.35877227783203,2,20,new york,main,42.4,-79.5
-79.43486785888672,42.42752456665039,2,21,new york,main,42.4,-79.4
-79.406219482421875,42.450443267822266,2,22,new york,main,42.5,-79.4
-79.38330078125,42.47336196899414,2,23,new york,main,42.5,-79.4
-79.34892272949219,42.49054718017578,2,24,new york,main,42.5,-79.3
-79.32027435302734,42.496280670166016,2,25,new york,main,42.5,-79.3
-79.28590393066406,42.513465881347656,2,26,new york,main,42.5,-79.3
-79.21141815185547,42.542118072509766,2,27,new york,main,42.5,-79.2
-79.15985107421875,42.559303283691406,2,28,new york,main,42.6,-79.2
-79.12547302246094,42.57649230957031,2,29,new york,main,42.6,-79.1
-79.10255432128906,42.605140686035156,2,30,new york,main,42.6,-79.1
-79.05671691894531,42.656707763671875,2,31,new york,main,42.7,-79.1
-79.045257568359375,42.69108581542969,2,32,new york,main,42.7,-79
-79.0223388671875,42.71400451660156,2,33,new york,main,42.7,-79
-78.99369049072266,42.71973419189453,2,34,new york,main,42.7,-79
-78.907745361328125,42.742652893066406,2,35,new york,main,42.7,-78.9
-78.87337493896484,42.75983810424805,2,36,new york,main,42.8,-78.9
-78.8561782836914,42.81140899658203,2,37,new york,main,42.8,-78.9
-78.88482666015625,42.85724639892578,2,38,new york,main,42.9,-78.9
-78.90201568603516,42.903079986572266,2,39,new york,main,42.9,-78.9
-78.90201568603516,42.94318389892578,2,40,new york,main,42.9,-78.9
-78.9192123413086,42.96037673950195,2,41,new york,main,43,-78.9
-78.9478530883789,42.966102600097656,2,42,new york,main,43,-78.9
-78.97650146484375,42.948917388916016,2,43,new york,main,42.9,-79
-78.98223114013672,42.97183609008789,2,44,new york,main,43,-79
-79.01660919189453,42.994754791259766,2,45,new york,main,43,-79
-79.01660919189453,43.023399353027344,2,46,new york,main,43,-79
-79.01087951660156,43.05204772949219,2,47,new york,main,43.1,-79
-79.02806854248047,43.08069610595703,2,48,new york,main,43.1,-79
-79.05671691894531,43.09215545654297,2,49,new york,main,43.1,-79.1
-79.05671691894531,43.109344482421875,2,50,new york,main,43.1,-79.1
-79.0395278930664,43.13226318359375,2,51,new york,main,43.1,-79
-79.01660919189453,43.14944839477539,2,52,new york,main,43.1,-79
-79.01660919189453,43.19528579711914,2,53,new york,main,43.2,-79
-79.01660919189453,43.246856689453125,2,54,new york,main,43.2,-79
-79.01087951660156,43.28123092651367,2,55,new york,main,43.3,-79
-78.97077178955078,43.29269027709961,2,56,new york,main,43.3,-79
-78.84471893310547,43.309879302978516,2,57,new york,main,43.3,-78.8
-78.67283630371094,43.33852767944336,2,58,new york,main,43.3,-78.7
-78.52386474609375,43.361446380615234,2,59,new york,main,43.4,-78.5
-78.4608383178711,43.361446380615234,2,60,new york,main,43.4,-78.5
-78.41500091552734,43.361446380615234,2,61,new york,main,43.4,-78.4
-78.26603698730469,43.361446380615234,2,62,new york,main,43.4,-78.3
-78.208740234375,43.3671760559082,2,63,new york,main,43.4,-78.2
-78.1858139038086,43.361446380615234,2,64,new york,main,43.4,-78.2
-78.094146728515625,43.3671760559082,2,65,new york,main,43.4,-78.1
-78.0082015991211,43.361446380615234,2,66,new york,main,43.4,-78
-77.93944549560547,43.355716705322266,2,67,new york,main,43.4,-77.9
-77.81340026855469,43.33852767944336,2,68,new york,main,43.3,-77.8
-77.756103515625,43.33279800415039,2,69,new york,main,43.3,-77.8
-77.687347412109375,43.29269027709961,2,70,new york,main,43.3,-77.7
-77.63578033447266,43.2583122253418,2,71,new york,main,43.3,-77.6
-77.595672607421875,43.246856689453125,2,72,new york,main,43.2,-77.6
-77.5555648803711,43.246856689453125,2,73,new york,main,43.2,-77.6
-77.53837585449219,43.22393798828125,2,74,new york,main,43.2,-77.5
-77.51546478271484,43.246856689453125,2,75,new york,main,43.2,-77.5
-77.48680877685547,43.264041900634766,2,76,new york,main,43.3,-77.5
-77.41805267333984,43.28123092651367,2,77,new york,main,43.3,-77.4
-77.3722152709961,43.28123092651367,2,78,new york,main,43.3,-77.4
-77.31492614746094,43.29269027709961,2,79,new york,main,43.3,-77.3
-77.2117919921875,43.29269027709961,2,80,new york,main,43.3,-77.2
-77.09146881103516,43.28123092651367,2,81,new york,main,43.3,-77.1
-77.005523681640625,43.28123092651367,2,82,new york,main,43.3,-77
-76.97688293457031,43.25258255004883,2,83,new york,main,43.3,-77
-76.9425048828125,43.2755012512207,2,84,new york,main,43.3,-76.9
-76.93677520751953,43.29269027709961,2,85,new york,main,43.3,-76.9
-76.913848876953125,43.29841995239258,2,86,new york,main,43.3,-76.9
-76.83937072753906,43.29841995239258,2,87,new york,main,43.3,-76.8
-76.81645202636719,43.309879302978516,2,88,new york,main,43.3,-76.8
-76.74769592285156,43.33852767944336,2,89,new york,main,43.3,-76.7
-76.71904754638672,43.32706832885742,2,90,new york,main,43.3,-76.7
-76.70758819580078,43.32706832885742,2,91,new york,main,43.3,-76.7
-76.6846694946289,43.3671760559082,2,92,new york,main,43.4,-76.7
-76.66175842285156,43.39009475708008,2,93,new york,main,43.4,-76.7
-76.63883209228516,43.407283782958984,2,94,new york,main,43.4,-76.6
-76.61592102050781,43.418739318847656,2,95,new york,main,43.4,-76.6
-76.57581329345703,43.447391510009766,2,96,new york,main,43.4,-76.6
-76.51851654052734,43.447391510009766,2,97,new york,main,43.4,-76.5
-76.507049560546875,43.453121185302734,2,98,new york,main,43.5,-76.5
-76.49559783935547,43.47603988647461,2,99,new york,main,43.5,-76.5
-76.48413848876953,43.49895477294922,2,100,new york,main,43.5,-76.5
-76.44976043701172,43.521873474121094,2,101,new york,main,43.5,-76.4
-76.40392303466797,43.521873474121094,2,102,new york,main,43.5,-76.4
-76.34662628173828,43.510414123535156,2,103,new york,main,43.5,-76.3
-76.283599853515625,43.510414123535156,2,104,new york,main,43.5,-76.3
-76.26068115234375,43.53333282470703,2,105,new york,main,43.5,-76.3
-76.2320327758789,43.561981201171875,2,106,new york,main,43.6,-76.2
-76.22630310058594,43.59062957763672,2,107,new york,main,43.6,-76.2
-76.22057342529297,43.64219284057617,2,108,new york,main,43.6,-76.2
-76.21484375,43.68230056762695,2,109,new york,main,43.7,-76.2
-76.237762451171875,43.7281379699707,2,110,new york,main,43.7,-76.2
-76.243499755859375,43.768245697021484,2,111,new york,main,43.8,-76.2
-76.283599853515625,43.814083099365234,2,112,new york,main,43.8,-76.3
-76.3065185546875,43.83700180053711,2,113,new york,main,43.8,-76.3
-76.30078887939453,43.859920501708984,2,114,new york,main,43.9,-76.3
-76.27787017822266,43.87710952758789,2,115,new york,main,43.9,-76.3
-76.26068115234375,43.87710952758789,2,116,new york,main,43.9,-76.3
-76.2320327758789,43.859920501708984,2,117,new york,main,43.9,-76.2
-76.20912170410156,43.859920501708984,2,118,new york,main,43.9,-76.2
-76.16328430175781,43.905757904052734,2,119,new york,main,43.9,-76.2
-76.15755462646484,43.945865631103516,2,120,new york,main,43.9,-76.2
-76.21484375,43.974510192871094,2,121,new york,main,44,-76.2
-76.151824951171875,44.014617919921875,2,122,new york,main,44,-76.2
-76.16328430175781,44.020347595214844,2,123,new york,main,44,-76.2
-76.191925048828125,44.02607727050781,2,124,new york,main,44,-76.2
-76.20912170410156,44.04326629638672,2,125,new york,main,44,-76.2
-76.22630310058594,44.05472183227539,2,126,new york,main,44.1,-76.2
-76.24922943115234,44.04899597167969,2,127,new york,main,44,-76.2
-76.26068115234375,44.031803131103516,2,128,new york,main,44,-76.3
-76.26641082763672,44.02607727050781,2,129,new york,main,44,-76.3
-76.237762451171875,44.008888244628906,2,130,new york,main,44,-76.2
-76.243499755859375,43.974510192871094,2,131,new york,main,44,-76.2
-76.26641082763672,43.95732116699219,2,132,new york,main,44,-76.3
-76.283599853515625,43.963050842285156,2,133,new york,main,44,-76.3
-76.30078887939453,43.96878433227539,2,134,new york,main,44,-76.3
-76.3065185546875,44.00315856933594,2,135,new york,main,44,-76.3
-76.3237075805664,44.05472183227539,2,136,new york,main,44.1,-76.3
-76.375274658203125,44.0833740234375,2,137,new york,main,44.1,-76.4
-76.36954498291016,44.112022399902344,2,138,new york,main,44.1,-76.4
-76.34662628173828,44.12921142578125,2,139,new york,main,44.1,-76.3
-76.31224822998047,44.14639663696289,2,140,new york,main,44.1,-76.3
-76.15755462646484,44.20369338989258,2,141,new york,main,44.2,-76.2
-76.04296112060547,44.2552604675293,2,142,new york,main,44.3,-76
-75.97993469238281,44.29536819458008,2,143,new york,main,44.3,-76
-75.9283676147461,44.33547592163086,2,144,new york,main,44.3,-75.9
-75.82523345947266,44.39276885986328,2,145,new york,main,44.4,-75.8
-75.81377410888672,44.415687561035156,2,146,new york,main,44.4,-75.8
-75.790863037109375,44.45006561279297,2,147,new york,main,44.5,-75.8
-75.7793960571289,44.47871398925781,2,148,new york,main,44.5,-75.8
-75.790863037109375,44.49590301513672,2,149,new york,main,44.5,-75.8
-75.7507553100586,44.54174041748047,2,150,new york,main,44.5,-75.8
-75.647613525390625,44.604766845703125,2,151,new york,main,44.6,-75.6
-75.48146057128906,44.719356536865234,2,152,new york,main,44.7,-75.5
-75.286651611328125,44.85686492919922,2,153,new york,main,44.9,-75.3
-75.21790313720703,44.879783630371094,2,154,new york,main,44.9,-75.2
-75.09185028076172,44.93135070800781,2,155,new york,main,44.9,-75.1
-75.03455352783203,44.94853973388672,2,156,new york,main,44.9,-75
-75.00590515136719,44.971458435058594,2,157,new york,main,45,-75
-74.94287872314453,44.9886474609375,2,158,new york,main,45,-74.9
-74.89704132080078,44.99437713623047,2,159,new york,main,45,-74.9
-74.839752197265625,45.011566162109375,2,160,new york,main,45,-74.8
-74.81109619140625,45.011566162109375,2,161,new york,main,45,-74.8
-74.742340087890625,44.99437713623047,2,162,new york,main,45,-74.7
-74.72515869140625,44.99437713623047,2,163,new york,main,45,-74.7
-74.62775421142578,45.00010299682617,2,164,new york,main,45,-74.6
-74.50743103027344,44.99437713623047,2,165,new york,main,45,-74.5
-74.387115478515625,44.99437713623047,2,166,new york,main,45,-74.4
-74.2094955444336,45.00010299682617,2,167,new york,main,45,-74.2
-74.03187561035156,45.00010299682617,2,168,new york,main,45,-74
-73.36151885986328,45.011566162109375,2,169,new york,main,45,-73.4
-73.35578918457031,44.965728759765625,2,170,new york,main,45,-73.4
-73.344329833984375,44.94281005859375,2,171,new york,main,44.9,-73.3
-73.390167236328125,44.868324279785156,2,172,new york,main,44.9,-73.4
-73.390167236328125,44.83395004272461,2,173,new york,main,44.8,-73.4
-73.36724853515625,44.805301666259766,2,174,new york,main,44.8,-73.4
-73.36151885986328,44.78238296508789,2,175,new york,main,44.8,-73.4
-73.37870025634766,44.68497848510742,2,176,new york,main,44.7,-73.4
-73.384429931640625,44.61049270629883,2,177,new york,main,44.6,-73.4
-73.37297058105469,44.57038497924805,2,178,new york,main,44.6,-73.4
-73.37297058105469,44.54746627807617,2,179,new york,main,44.5,-73.4
-73.35005950927734,44.513092041015625,2,180,new york,main,44.5,-73.4
-73.3328628540039,44.472984313964844,2,181,new york,main,44.5,-73.3
-73.3214111328125,44.42142105102539,2,182,new york,main,44.4,-73.3
-73.32714080810547,44.36412048339844,2,183,new york,main,44.4,-73.3
-73.32714080810547,44.306827545166016,2,184,new york,main,44.3,-73.3
-73.32714080810547,44.2724494934082,2,185,new york,main,44.3,-73.3
-73.344329833984375,44.23234176635742,2,186,new york,main,44.2,-73.3
-73.3958969116211,44.19223403930664,2,187,new york,main,44.2,-73.4
-73.41307830810547,44.169315338134766,2,188,new york,main,44.2,-73.4
-73.41880798339844,44.13493728637695,2,189,new york,main,44.1,-73.4
-73.45318603515625,44.066184997558594,2,190,new york,main,44.1,-73.5
-73.4245376586914,44.008888244628906,2,191,new york,main,44,-73.4
-73.4245376586914,43.96878433227539,2,192,new york,main,44,-73.4
-73.41307830810547,43.93440246582031,2,193,new york,main,43.9,-73.4
-73.3958969116211,43.89429473876953,2,194,new york,main,43.9,-73.4
-73.390167236328125,43.854190826416016,2,195,new york,main,43.9,-73.4
-73.390167236328125,43.814083099365234,2,196,new york,main,43.8,-73.4
-73.37297058105469,43.79116439819336,2,197,new york,main,43.8,-73.4
-73.36724853515625,43.77397537231445,2,198,new york,main,43.8,-73.4
-73.37297058105469,43.74532699584961,2,199,new york,main,43.7,-73.4
-73.384429931640625,43.722412109375,2,200,new york,main,43.7,-73.4
-73.40162658691406,43.68803024291992,2,201,new york,main,43.7,-73.4
-73.430267333984375,43.653656005859375,2,202,new york,main,43.7,-73.4
-73.4245376586914,43.579166412353516,2,203,new york,main,43.6,-73.4
-73.40162658691406,43.567710876464844,2,204,new york,main,43.6,-73.4
-73.384429931640625,43.59062957763672,2,205,new york,main,43.6,-73.4
-73.36724853515625,43.613548278808594,2,206,new york,main,43.6,-73.4
-73.344329833984375,43.625003814697266,2,207,new york,main,43.6,-73.3
-73.3214111328125,43.61927795410156,2,208,new york,main,43.6,-73.3
-73.3042221069336,43.607818603515625,2,209,new york,main,43.6,-73.3
-73.28702545166016,43.58489990234375,2,210,new york,main,43.6,-73.3
-73.27557373046875,43.567710876464844,2,211,new york,main,43.6,-73.3
-73.26411437988281,43.556251525878906,2,212,new york,main,43.6,-73.3
-73.25838470458984,43.54479217529297,2,213,new york,main,43.5,-73.3
-73.26411437988281,43.48749542236328,2,214,new york,main,43.5,-73.3
-73.25838470458984,43.453121185302734,2,215,new york,main,43.5,-73.3
-73.25838470458984,43.38436508178711,2,216,new york,main,43.4,-73.3
-73.26984405517578,43.315608978271484,2,217,new york,main,43.3,-73.3
-73.28130340576172,43.18955612182617,2,218,new york,main,43.2,-73.3
-73.27557373046875,43.160911560058594,2,219,new york,main,43.2,-73.3
-73.26984405517578,43.109344482421875,2,220,new york,main,43.1,-73.3
-73.27557373046875,43.07496643066406,2,221,new york,main,43.1,-73.3
-73.28130340576172,42.994754791259766,2,222,new york,main,43,-73.3
-73.28130340576172,42.94318389892578,2,223,new york,main,42.9,-73.3
-73.28130340576172,42.8973503112793,2,224,new york,main,42.9,-73.3
-73.27557373046875,42.84005355834961,2,225,new york,main,42.8,-73.3
-73.28130340576172,42.817138671875,2,226,new york,main,42.8,-73.3
-73.28130340576172,42.788490295410156,2,227,new york,main,42.8,-73.3
-73.28130340576172,42.742652893066406,2,228,new york,main,42.7,-73.3
-73.27557373046875,42.702545166015625,2,229,new york,main,42.7,-73.3
-73.31568145751953,42.59941101074219,2,230,new york,main,42.6,-73.3
-73.35005950927734,42.513465881347656,2,231,new york,main,42.5,-73.4
-73.37870025634766,42.456172943115234,2,232,new york,main,42.5,-73.4
-73.41880798339844,42.32439041137695,2,233,new york,main,42.3,-73.4
-73.476104736328125,42.17542266845703,2,234,new york,main,42.2,-73.5
-73.50475311279297,42.095211029052734,2,235,new york,main,42.1,-73.5
-73.4990234375,42.049373626708984,2,236,new york,main,42,-73.5
-73.53340911865234,41.67694854736328,2,237,new york,main,41.7,-73.5
-73.54486083984375,41.53371047973633,2,238,new york,main,41.5,-73.5
-73.55632019042969,41.3675537109375,2,239,new york,main,41.4,-73.6
-73.56204986572266,41.304527282714844,2,240,new york,main,41.3,-73.6
-73.4990234375,41.21858215332031,2,241,new york,main,41.2,-73.5
-73.53913116455078,41.19566345214844,2,242,new york,main,41.2,-73.5
-73.72248077392578,41.109718322753906,2,243,new york,main,41.1,-73.7
-73.67091369628906,41.023780822753906,2,244,new york,main,41,-73.7
-73.68810272216797,40.97220993041992,2,245,new york,main,41,-73.7
-73.699554443359375,40.95502471923828,2,246,new york,main,41,-73.7
-73.72248077392578,40.937835693359375,2,247,new york,main,40.9,-73.7
-73.745391845703125,40.9149169921875,2,248,new york,main,40.9,-73.7
-73.76258850097656,40.897727966308594,2,249,new york,main,40.9,-73.8
-73.80842590332031,40.886268615722656,2,250,new york,main,40.9,-73.8
-73.82560729980469,40.86907958984375,2,251,new york,main,40.9,-73.8
-73.81988525390625,40.85762023925781,2,252,new york,main,40.9,-73.8
-73.81988525390625,40.8232421875,2,253,new york,main,40.8,-73.8
-73.81415557861328,40.81178283691406,2,254,new york,main,40.8,-73.8
-73.90582275390625,40.846160888671875,2,255,new york,main,40.8,-73.9
-73.90582275390625,40.81178283691406,2,256,new york,main,40.8,-73.9
-73.89437103271484,40.806053161621094,2,257,new york,main,40.8,-73.9
-73.91728210449219,40.90345764160156,2,258,new york,main,40.9,-73.9
-73.91155242919922,40.90918731689453,2,259,new york,main,40.9,-73.9
-73.90010070800781,40.9951286315918,2,260,new york,main,41,-73.9
-74.19229888916016,41.12691116333008,2,261,new york,main,41.1,-74.2
-74.2381362915039,41.144100189208984,2,262,new york,main,41.1,-74.2
-74.37564849853516,41.201393127441406,2,263,new york,main,41.2,-74.4
-74.72515869140625,41.3675537109375,2,264,new york,main,41.4,-74.7
-74.73661041259766,41.390472412109375,2,265,new york,main,41.4,-74.7
-74.7538070678711,41.41339111328125,2,266,new york,main,41.4,-74.8
-74.76526641845703,41.430580139160156,2,267,new york,main,41.4,-74.8
-74.82828521728516,41.430580139160156,2,268,new york,main,41.4,-74.8
-74.85693359375,41.430580139160156,2,269,new york,main,41.4,-74.9
-74.89704132080078,41.45349884033203,2,270,new york,main,41.5,-74.9
-74.93714904785156,41.47068405151367,2,271,new york,main,41.5,-74.9
-74.97725677490234,41.48214340209961,2,272,new york,main,41.5,-75
-75.00017547607422,41.49933624267578,2,273,new york,main,41.5,-75
-75.01163482666016,41.52225112915039,2,274,new york,main,41.5,-75
-75.040283203125,41.57381820678711,2,275,new york,main,41.6,-75
-75.063201904296875,41.596736907958984,2,276,new york,main,41.6,-75.1
-75.06893157958984,41.608192443847656,2,277,new york,main,41.6,-75.1
-75.063201904296875,41.711326599121094,2,278,new york,main,41.7,-75.1
-75.05174255371094,41.73997497558594,2,279,new york,main,41.7,-75.1
-75.07466125488281,41.757164001464844,2,280,new york,main,41.8,-75.1
-75.1147689819336,41.78008270263672,2,281,new york,main,41.8,-75.1
-75.1147689819336,41.81446075439453,2,282,new york,main,41.8,-75.1
-75.12622833251953,41.83164596557617,2,283,new york,main,41.8,-75.1
-75.154876708984375,41.848838806152344,2,284,new york,main,41.8,-75.2
-75.17779541015625,41.85456466674805,2,285,new york,main,41.9,-75.2
-75.22935485839844,41.86029815673828,2,286,new york,main,41.9,-75.2
-75.246551513671875,41.86602783203125,2,287,new york,main,41.9,-75.2
-75.26946258544922,41.883216857910156,2,288,new york,main,41.9,-75.3
-75.286651611328125,41.94050979614258,2,289,new york,main,41.9,-75.3
-75.31529998779297,41.96342849731445,2,290,new york,main,42,-75.3
-75.35540771484375,42.003536224365234,2,291,new york,main,42,-75.4
-75.4012451171875,42.003536224365234,2,292,new york,main,42,-75.4
-75.4757308959961,42.003536224365234,2,293,new york,main,42,-75.5
-76.105987548828125,42.003536224365234,2,294,new york,main,42,-76.1
-76.146087646484375,42.003536224365234,2,295,new york,main,42,-76.1
-76.5643539428711,42.003536224365234,2,296,new york,main,42,-76.6
-76.93677520751953,41.997806549072266,2,297,new york,main,42,-76.9
-76.97115325927734,41.997806549072266,2,298,new york,main,42,-77
-77.61286163330078,42.003536224365234,2,299,new york,main,42,-77.6
-77.76183319091797,42.003536224365234,2,300,new york,main,42,-77.8
-78.208740234375,41.997806549072266,2,301,new york,main,42,-78.2
-78.3118667602539,42.003536224365234,2,302,new york,main,42,-78.3
-78.92494201660156,42.003536224365234,2,303,new york,main,42,-78.9
-79.06244659423828,42.003536224365234,2,304,new york,main,42,-79.1
-79.61821746826172,42.003536224365234,2,305,new york,main,42,-79.6
-79.75572204589844,42.003536224365234,2,306,new york,main,42,-79.8
-79.767181396484375,42.26136779785156,2,307,new york,main,42.3,-79.8
-74.27824401855469,40.485198974609375,3,309,new york,staten island,40.5,-74.3
-74.203765869140625,40.62843704223633,3,310,new york,staten island,40.6,-74.2
-74.09490203857422,40.66281509399414,3,311,new york,staten island,40.7,-74.1
-74.0605239868164,40.61124801635742,3,312,new york,staten island,40.6,-74.1
-74.08344268798828,40.58832931518555,3,313,new york,staten island,40.6,-74.1
-74.12928009033203,40.553951263427734,3,314,new york,staten island,40.6,-74.1
-74.16365814208984,40.531036376953125,3,315,new york,staten island,40.5,-74.2
-74.18657684326172,40.50811767578125,3,316,new york,staten island,40.5,-74.2
-74.23241424560547,40.490928649902344,3,317,new york,staten island,40.5,-74.2
-74.27824401855469,40.485198974609375,3,318,new york,staten island,40.5,-74.3
-74.295440673828125,40.50811767578125,3,319,new york,staten island,40.5,-74.3
-74.289703369140625,40.51957321166992,3,320,new york,staten island,40.5,-74.3
-74.26106262207031,40.531036376953125,3,321,new york,staten island,40.5,-74.3
-74.243865966796875,40.553951263427734,3,322,new york,staten island,40.6,-74.2
-74.23241424560547,40.58259963989258,3,323,new york,staten island,40.6,-74.2
-74.22095489501953,40.61124801635742,3,324,new york,staten island,40.6,-74.2
-74.203765869140625,40.62270736694336,3,325,new york,staten island,40.6,-74.2
-74.18084716796875,40.6513557434082,3,326,new york,staten island,40.7,-74.2
-74.16938781738281,40.6513557434082,3,327,new york,staten island,40.7,-74.2
-74.14646911621094,40.65708541870117,3,328,new york,staten island,40.7,-74.1
-74.27824401855469,40.485198974609375,3,329,new york,staten island,40.5,-74.3
-72.49635314941406,40.897727966308594,4,331,new york,long island,40.9,-72.5
-72.45624542236328,40.90918731689453,4,332,new york,long island,40.9,-72.5
-72.439056396484375,40.937835693359375,4,333,new york,long island,40.9,-72.4
-72.4161376953125,40.943565368652344,4,334,new york,long island,40.9,-72.4
-72.3989486694336,40.96075439453125,4,335,new york,long island,41,-72.4
-72.393218994140625,40.983673095703125,4,336,new york,long island,41,-72.4
-72.37602996826172,41.00086212158203,4,337,new york,long island,41,-72.4
-72.347381591796875,41.00086212158203,4,338,new york,long island,41,-72.3
-72.33592224121094,41.023780822753906,4,339,new york,long island,41,-72.3
-72.31300354003906,41.00086212158203,4,340,new york,long island,41,-72.3
-72.28435516357422,41.00086212158203,4,341,new york,long island,41,-72.3
-72.26716613769531,41.0123176574707,4,342,new york,long island,41,-72.3
-72.24424743652344,41.02950668334961,4,343,new york,long island,41,-72.2
-72.215606689453125,41.01804733276367,4,344,new york,long island,41,-72.2
-72.19841003417969,41.023780822753906,4,345,new york,long island,41,-72.2
-72.18122100830078,41.04096603393555,4,346,new york,long island,41,-72.2
-72.1640396118164,41.04096603393555,4,347,new york,long island,41,-72.2
-72.14684295654297,41.0123176574707,4,348,new york,long island,41,-72.1
-72.10100555419922,41.006587982177734,4,349,new york,long island,41,-72.1
-72.04371643066406,41.01804733276367,4,350,new york,long island,41,-72
-72.00933837890625,41.04096603393555,4,351,new york,long island,41,-72
-71.9806900024414,41.05815505981445,4,352,new york,long island,41.1,-72
-71.92911529541016,41.07534408569336,4,353,new york,long island,41.1,-71.9
-71.8890151977539,41.07534408569336,4,354,new york,long island,41.1,-71.9
-71.87755584716797,41.06961441040039,4,355,new york,long island,41.1,-71.9
-71.88328552246094,41.04669952392578,4,356,new york,long island,41,-71.9
-71.90047454833984,41.02950668334961,4,357,new york,long island,41,-71.9
-72.02652740478516,40.98939895629883,4,358,new york,long island,41,-72
-72.11820220947266,40.95502471923828,4,359,new york,long island,41,-72.1
-72.24424743652344,40.9149169921875,4,360,new york,long island,40.9,-72.2
-72.347381591796875,40.85762023925781,4,361,new york,long island,40.9,-72.3
-72.55364227294922,40.806053161621094,4,362,new york,long island,40.8,-72.6
-72.82293701171875,40.70865249633789,4,363,new york,long island,40.7,-72.8
-73.05211639404297,40.645626068115234,4,364,new york,long island,40.6,-73.1
-73.16670989990234,40.61697769165039,4,365,new york,long island,40.6,-73.2
-73.206817626953125,40.61697769165039,4,366,new york,long island,40.6,-73.2
-73.22400665283203,40.62270736694336,4,367,new york,long island,40.6,-73.2
-73.21827697753906,40.639896392822266,4,368,new york,long island,40.6,-73.2
-73.17243957519531,40.645626068115234,4,369,new york,long island,40.6,-73.2
-73.1380615234375,40.645626068115234,4,370,new york,long island,40.6,-73.1
-72.94898986816406,40.70865249633789,4,371,new york,long island,40.7,-72.9
-72.76564025878906,40.76594543457031,4,372,new york,long island,40.8,-72.8
-72.67396545410156,40.78886413574219,4,373,new york,long island,40.8,-72.7
-72.65677642822266,40.80032730102539,4,374,new york,long island,40.8,-72.7
-72.65677642822266,40.81178283691406,4,375,new york,long island,40.8,-72.7
-72.67969512939453,40.8175163269043,4,376,new york,long island,40.8,-72.7
-72.76564025878906,40.79459762573242,4,377,new york,long island,40.8,-72.8
-72.80574798583984,40.78886413574219,4,378,new york,long island,40.8,-72.8
-72.83438873291016,40.777408599853516,4,379,new york,long island,40.8,-72.8
-72.885955810546875,40.75448989868164,4,380,new york,long island,40.8,-72.9
-72.977630615234375,40.737300872802734,4,381,new york,long island,40.7,-73
-73.01773834228516,40.737300872802734,4,382,new york,long island,40.7,-73
-73.04638671875,40.737300872802734,4,383,new york,long island,40.7,-73
-73.08649444580078,40.72010803222656,4,384,new york,long island,40.7,-73.1
-73.120880126953125,40.72010803222656,4,385,new york,long island,40.7,-73.1
-73.1552505493164,40.7258415222168,4,386,new york,long island,40.7,-73.2
-73.160980224609375,40.70865249633789,4,387,new york,long island,40.7,-73.2
-73.18389892578125,40.69719314575195,4,388,new york,long island,40.7,-73.2
-73.252655029296875,40.70292282104492,4,389,new york,long island,40.7,-73.3
-73.26984405517578,40.68000411987305,4,390,new york,long island,40.7,-73.3
-73.298492431640625,40.68000411987305,4,391,new york,long island,40.7,-73.3
-73.35005950927734,40.68000411987305,4,392,new york,long island,40.7,-73.4
-73.36724853515625,40.66281509399414,4,393,new york,long island,40.7,-73.4
-73.40162658691406,40.6513557434082,4,394,new york,long island,40.7,-73.4
-73.46464538574219,40.639896392822266,4,395,new york,long island,40.6,-73.5
-73.4990234375,40.645626068115234,4,396,new york,long island,40.6,-73.5
-73.53913116455078,40.6341667175293,4,397,new york,long island,40.6,-73.5
-73.65372467041016,40.61124801635742,4,398,new york,long island,40.6,-73.7
-73.68810272216797,40.61124801635742,4,399,new york,long island,40.6,-73.7
-73.71675109863281,40.57686996459961,4,400,new york,long island,40.6,-73.7
-73.76831817626953,40.56541061401367,4,401,new york,long island,40.6,-73.8
-73.81415557861328,40.56541061401367,4,402,new york,long island,40.6,-73.8
-73.85426330566406,40.553951263427734,4,403,new york,long island,40.6,-73.9
-73.882904052734375,40.54822540283203,4,404,new york,long island,40.5,-73.9
-73.91155242919922,40.553951263427734,4,405,new york,long island,40.6,-73.9
-73.90010070800781,40.56541061401367,4,406,new york,long island,40.6,-73.9
-73.86571502685547,40.57686996459961,4,407,new york,long island,40.6,-73.9
-73.82560729980469,40.58832931518555,4,408,new york,long island,40.6,-73.8
-73.791229248046875,40.59406280517578,4,409,new york,long island,40.6,-73.8
-73.77977752685547,40.61124801635742,4,410,new york,long island,40.6,-73.8
-73.77977752685547,40.62270736694336,4,411,new york,long island,40.6,-73.8
-73.796966552734375,40.639896392822266,4,412,new york,long island,40.6,-73.8
-73.83133697509766,40.6341667175293,4,413,new york,long island,40.6,-73.8
-73.86571502685547,40.6341667175293,4,414,new york,long island,40.6,-73.9
-73.89437103271484,40.62270736694336,4,415,new york,long island,40.6,-73.9
-73.92301177978516,40.61124801635742,4,416,new york,long island,40.6,-73.9
-73.94593048095703,40.58259963989258,4,417,new york,long island,40.6,-73.9
-73.95738983154297,40.56541061401367,4,418,new york,long island,40.6,-74
-74.00322723388672,40.58259963989258,4,419,new york,long island,40.6,-74
-74.00322723388672,40.60551834106445,4,420,new york,long island,40.6,-74
-74.00895690917969,40.62270736694336,4,421,new york,long island,40.6,-74
-74.020416259765625,40.645626068115234,4,422,new york,long island,40.6,-74
-74.026153564453125,40.66281509399414,4,423,new york,long island,40.7,-74
-74.01468658447266,40.67427444458008,4,424,new york,long island,40.7,-74
-73.99176788330078,40.68000411987305,4,425,new york,long island,40.7,-74
-73.9688491821289,40.69719314575195,4,426,new york,long island,40.7,-74
-73.94593048095703,40.72010803222656,4,427,new york,long island,40.7,-73.9
-73.91155242919922,40.77167892456055,4,428,new york,long island,40.8,-73.9
-73.888641357421875,40.76594543457031,4,429,new york,long island,40.8,-73.9
-73.86571502685547,40.75448989868164,4,430,new york,long island,40.8,-73.9
-73.8485336303711,40.760215759277344,4,431,new york,long island,40.8,-73.8
-73.83133697509766,40.777408599853516,4,432,new york,long island,40.8,-73.8
-73.81415557861328,40.80032730102539,4,433,new york,long island,40.8,-73.8
-73.80842590332031,40.78313446044922,4,434,new york,long island,40.8,-73.8
-73.7740478515625,40.77167892456055,4,435,new york,long island,40.8,-73.8
-73.76258850097656,40.777408599853516,4,436,new york,long island,40.8,-73.8
-73.7568588256836,40.80032730102539,4,437,new york,long island,40.8,-73.8
-73.73394012451172,40.80032730102539,4,438,new york,long island,40.8,-73.7
-73.72248077392578,40.806053161621094,4,439,new york,long island,40.8,-73.7
-73.72248077392578,40.83470153808594,4,440,new york,long island,40.8,-73.7
-73.705291748046875,40.846160888671875,4,441,new york,long island,40.8,-73.7
-73.682373046875,40.84043502807617,4,442,new york,long island,40.8,-73.7
-73.6651840209961,40.8175163269043,4,443,new york,long island,40.8,-73.7
-73.659454345703125,40.8232421875,4,444,new york,long island,40.8,-73.7
-73.659454345703125,40.83470153808594,4,445,new york,long island,40.8,-73.7
-73.6651840209961,40.851890563964844,4,446,new york,long island,40.9,-73.7
-73.63080596923828,40.88053894042969,4,447,new york,long island,40.9,-73.6
-73.56204986572266,40.90918731689453,4,448,new york,long island,40.9,-73.6
-73.53340911865234,40.90345764160156,4,449,new york,long island,40.9,-73.5
-73.51048278808594,40.87480926513672,4,450,new york,long island,40.9,-73.5
-73.481842041015625,40.891998291015625,4,451,new york,long island,40.9,-73.5
-73.49329376220703,40.9149169921875,4,452,new york,long island,40.9,-73.5
-73.481842041015625,40.932106018066406,4,453,new york,long island,40.9,-73.5
-73.46464538574219,40.937835693359375,4,454,new york,long island,40.9,-73.5
-73.41880798339844,40.90918731689453,4,455,new york,long island,40.9,-73.4
-73.390167236328125,40.90918731689453,4,456,new york,long island,40.9,-73.4
-73.37297058105469,40.932106018066406,4,457,new york,long island,40.9,-73.4
-73.35005950927734,40.932106018066406,4,458,new york,long island,40.9,-73.4
-73.23546600341797,40.90918731689453,4,459,new york,long island,40.9,-73.2
-73.20108795166016,40.9149169921875,4,460,new york,long island,40.9,-73.2
-73.17243957519531,40.92637252807617,4,461,new york,long island,40.9,-73.2
-73.16670989990234,40.96075439453125,4,462,new york,long island,41,-73.2
-73.13233184814453,40.97220993041992,4,463,new york,long island,41,-73.1
-73.09222412109375,40.95502471923828,4,464,new york,long island,41,-73.1
-72.96617126464844,40.95502471923828,4,465,new york,long island,41,-73
-72.81720733642578,40.96648025512695,4,466,new york,long island,41,-72.8
-72.7026138305664,40.97220993041992,4,467,new york,long island,41,-72.7
-72.63385772705078,40.98939895629883,4,468,new york,long island,41,-72.6
-72.576568603515625,41.0123176574707,4,469,new york,long island,41,-72.6
-72.50208282470703,41.05815505981445,4,470,new york,long island,41.1,-72.5
-72.42186737060547,41.109718322753906,4,471,new york,long island,41.1,-72.4
-72.341644287109375,41.144100189208984,4,472,new york,long island,41.1,-72.3
-72.3072738647461,41.155555725097656,4,473,new york,long island,41.2,-72.3
-72.26143646240234,41.144100189208984,4,474,new york,long island,41.1,-72.3
-72.26716613769531,41.13263702392578,4,475,new york,long island,41.1,-72.3
-72.29008483886719,41.12118148803711,4,476,new york,long island,41.1,-72.3
-72.341644287109375,41.12691116333008,4,477,new york,long island,41.1,-72.3
-72.35884094238281,41.098262786865234,4,478,new york,long island,41.1,-72.4
-72.393218994140625,41.08107376098633,4,479,new york,long island,41.1,-72.4
-72.42186737060547,41.06961441040039,4,480,new york,long island,41.1,-72.4
-72.4161376953125,41.02950668334961,4,481,new york,long island,41,-72.4
-72.45051574707031,41.023780822753906,4,482,new york,long island,41,-72.5
-72.47342681884766,40.9951286315918,4,483,new york,long island,41,-72.5
-72.50208282470703,40.983673095703125,4,484,new york,long island,41,-72.5
-72.530731201171875,40.983673095703125,4,485,new york,long island,41,-72.5
-72.54791259765625,40.97220993041992,4,486,new york,long island,41,-72.5
-72.56510162353516,40.94929122924805,4,487,new york,long island,40.9,-72.6
-72.58802032470703,40.937835693359375,4,488,new york,long island,40.9,-72.6
-72.63385772705078,40.932106018066406,4,489,new york,long island,40.9,-72.6
-72.63385772705078,40.9149169921875,4,490,new york,long island,40.9,-72.6
-72.616668701171875,40.90918731689453,4,491,new york,long island,40.9,-72.6
-72.570831298828125,40.90918731689453,4,492,new york,long island,40.9,-72.6
-72.54219055175781,40.897727966308594,4,493,new york,long island,40.9,-72.5
-72.53646087646484,40.87480926513672,4,494,new york,long island,40.9,-72.5
-72.55364227294922,40.851890563964844,4,495,new york,long island,40.9,-72.6
-72.50780487060547,40.851890563964844,4,496,new york,long island,40.9,-72.5
-72.46769714355469,40.86907958984375,4,497,new york,long island,40.9,-72.5
-72.49635314941406,40.897727966308594,4,498,new york,long island,40.9,-72.5
